[
  {
    "name": "COPPA ITALIA 1964-65",
    "numberOfTeams": 32,
    "rounds": [
      {
        "name": "FIRST ROUND",
        "numberOfLegs": 1,
        "extraTime": "ON",
        "penalties": "ON"
      },
      {
        "name": "SECOND ROUND",
        "numberOfLegs": 1,
        "extraTime": "ON",
        "penalties": "ON"
      },
      {
        "name": "QUARTER-FINAL",
        "numberOfLegs": 1,
        "extraTime": "ON",
        "penalties": "ON"
      },
      {
        "name": "SEMI-FINAL",
        "numberOfLegs": 1,
        "extraTime": "ON",
        "penalties": "ON"
      },
      {
        "name": "FINAL",
        "numberOfLegs": 1,
        "extraTime": "ON",
        "penalties": "ON"
      }
    ],
    "substitutions": 3,
    "benchSize": 5,
    "time": "NIGHT",
    "weather": "BY_SEASON",
    "seasonStart": "SEPTEMBER",
    "seasonEnd": "AUGUST",
    "files": {
      "folder": "1964-65/CLUB_TEAMS/EUROPE/ITALY",
      "teams": [
        "1964-65/CLUB_TEAMS/EUROPE/ITALY/team.ac_milan.json",
        "1964-65/CLUB_TEAMS/EUROPE/ITALY/team.alessandria.json",
        "1964-65/CLUB_TEAMS/EUROPE/ITALY/team.atalanta.json",
        "1964-65/CLUB_TEAMS/EUROPE/ITALY/team.bologna.json",
        "1964-65/CLUB_TEAMS/EUROPE/ITALY/team.brescia.json",
        "1964-65/CLUB_TEAMS/EUROPE/ITALY/team.cagliari.json",
        "1964-65/CLUB_TEAMS/EUROPE/ITALY/team.catania.json",
        "1964-65/CLUB_TEAMS/EUROPE/ITALY/team.catanzaro.json",
        "1964-65/CLUB_TEAMS/EUROPE/ITALY/team.fiorentina.json",
        "1964-65/CLUB_TEAMS/EUROPE/ITALY/team.foggia.json",
        "1964-65/CLUB_TEAMS/EUROPE/ITALY/team.genoa.json",
        "1964-65/CLUB_TEAMS/EUROPE/ITALY/team.inter_milan.json",
        "1964-65/CLUB_TEAMS/EUROPE/ITALY/team.juventus.json",
        "1964-65/CLUB_TEAMS/EUROPE/ITALY/team.lazio.json",
        "1964-65/CLUB_TEAMS/EUROPE/ITALY/team.lecco.json",
        "1964-65/CLUB_TEAMS/EUROPE/ITALY/team.mantova.json",
        "1964-65/CLUB_TEAMS/EUROPE/ITALY/team.messina.json",
        "1964-65/CLUB_TEAMS/EUROPE/ITALY/team.modena.json",
        "1964-65/CLUB_TEAMS/EUROPE/ITALY/team.napoli.json",
        "1964-65/CLUB_TEAMS/EUROPE/ITALY/team.padova.json",
        "1964-65/CLUB_TEAMS/EUROPE/ITALY/team.palermo.json",
        "1964-65/CLUB_TEAMS/EUROPE/ITALY/team.potenza.json",
        "1964-65/CLUB_TEAMS/EUROPE/ITALY/team.propatria.json",
        "1964-65/CLUB_TEAMS/EUROPE/ITALY/team.reggiana.json",
        "1964-65/CLUB_TEAMS/EUROPE/ITALY/team.roma.json",
        "1964-65/CLUB_TEAMS/EUROPE/ITALY/team.sampdoria.json",
        "1964-65/CLUB_TEAMS/EUROPE/ITALY/team.spal.json",
        "1964-65/CLUB_TEAMS/EUROPE/ITALY/team.torino.json",
        "1964-65/CLUB_TEAMS/EUROPE/ITALY/team.varese.json",
        "1964-65/CLUB_TEAMS/EUROPE/ITALY/team.venezia.json",
        "1964-65/CLUB_TEAMS/EUROPE/ITALY/team.verona.json",
        "1964-65/CLUB_TEAMS/EUROPE/ITALY/team.vicenza.json"
      ]
    }
  }
]