[
  {
    "name": "EUROPEAN CUP-WINNERS CUP",
    "numberOfTeams": 32,
    "time": "NIGHT",
    "weather": "BY_SEASON",
    "seasonStart": "SEPTEMBER",
    "seasonEnd": "MAY",
    "substitutions": 3,
    "benchSize": 5,
    "files": {
      "folder": "1996-97/CLUB_TEAMS/EUROPE",
      "teams": [
        "1996-97/CLUB_TEAMS/EUROPE/GREECE/team.aek_athens.json",
        "1996-97/CLUB_TEAMS/EUROPE/CYPRUS/team.aek_larnaca.json",
        "1996-97/CLUB_TEAMS/EUROPE/DENMARK/team.agf.json",
        "1996-97/CLUB_TEAMS/EUROPE/SWEDEN/team.aik.json",
        "1996-97/CLUB_TEAMS/EUROPE/SPAIN/team.barcelona.json",
        "1996-97/CLUB_TEAMS/EUROPE/PORTUGAL/team.benfica.json",
        "1996-97/CLUB_TEAMS/EUROPE/NORWAY/team.brann.json",
        "1996-97/CLUB_TEAMS/EUROPE/BELGIUM/team.cercle_bruges.json",
        "1996-97/CLUB_TEAMS/EUROPE/SLOVAKIA/team.chemlon_humenne.json",
        "1996-97/CLUB_TEAMS/EUROPE/ITALY/team.fiorentina.json",
        "1996-97/CLUB_TEAMS/EUROPE/TURKEY/team.galatasaray.json",
        "1996-97/CLUB_TEAMS/EUROPE/ROMANIA/team.gloria_bistrita.json",
        "1996-97/CLUB_TEAMS/EUROPE/FAROE ISLANDS/team.hb.json",
        "1996-97/CLUB_TEAMS/EUROPE/GERMANY/team.kaiserslautern.json",
        "1996-97/CLUB_TEAMS/EUROPE/HUNGARY/team.kispest-honved.json",
        "1996-97/CLUB_TEAMS/EUROPE/ICELAND/team.kr.json",
        "1996-97/CLUB_TEAMS/EUROPE/BULGARIA/team.levski_sofia.json",
        "1996-97/CLUB_TEAMS/EUROPE/ENGLAND/team.liverpool.json",
        "1996-97/CLUB_TEAMS/EUROPE/WALES/team.llansantffraid.json",
        "1996-97/CLUB_TEAMS/EUROPE/RUSSIA/team.lokomotiv_moscow.json",
        "1996-97/CLUB_TEAMS/EUROPE/FINLAND/team.mypa.json",
        "1996-97/CLUB_TEAMS/EUROPE/UKRAINE/team.niva_vinnitsa.json",
        "1996-97/CLUB_TEAMS/EUROPE/SLOVENIA/team.olimpija_l'jana.json",
        "1996-97/CLUB_TEAMS/EUROPE/FRANCE/team.paris_st-germain.json",
        "1996-97/CLUB_TEAMS/EUROPE/NETHERLANDS/team.psv.json",
        "1996-97/CLUB_TEAMS/EUROPE/LATVIA/team.raf_yelgava.json",
        "1996-97/CLUB_TEAMS/EUROPE/YUGOSLAVIA/team.red_star_b'grade.json",
        "1996-97/CLUB_TEAMS/EUROPE/ISRAEL/team.rishon_lezion.json",
        "1996-97/CLUB_TEAMS/EUROPE/SWITZERLAND/team.sion.json",
        "1996-97/CLUB_TEAMS/EUROPE/CZECH REPUBLIC/team.sparta_prague.json",
        "1996-97/CLUB_TEAMS/EUROPE/AUSTRIA/team.sturm_graz.json",
        "1996-97/CLUB_TEAMS/EUROPE/CROATIA/team.varteks_varazdin.json"
      ]
    },
    "rounds": [
      {
        "name": "FIRST ROUND",
        "numberOfLegs": 2,
        "extraTime": "ON",
        "penalties": "ON",
        "legs": [
          [
            {
              "teams": [
                0,
                8
              ]
            },
            {
              "teams": [
                2,
                22
              ]
            },
            {
              "teams": [
                4,
                1
              ]
            },
            {
              "teams": [
                5,
                18
              ]
            },
            {
              "teams": [
                15,
                3
              ]
            },
            {
              "teams": [
                7,
                6
              ]
            },
            {
              "teams": [
                27,
                10
              ]
            },
            {
              "teams": [
                12,
                24
              ]
            },
            {
              "teams": [
                11,
                9
              ]
            },
            {
              "teams": [
                13,
                26
              ]
            },
            {
              "teams": [
                19,
                31
              ]
            },
            {
              "teams": [
                20,
                17
              ]
            },
            {
              "teams": [
                16,
                14
              ]
            },
            {
              "teams": [
                28,
                21
              ]
            },
            {
              "teams": [
                30,
                29
              ]
            },
            {
              "teams": [
                25,
                23
              ]
            }
          ]
        ]
      },
      {
        "name": "SECOND ROUND",
        "numberOfLegs": 2,
        "extraTime": "ON",
        "penalties": "ON"
      },
      {
        "name": "QUARTER-FINAL",
        "numberOfLegs": 2,
        "extraTime": "ON",
        "penalties": "ON"
      },
      {
        "name": "SEMI-FINAL",
        "numberOfLegs": 2,
        "extraTime": "ON",
        "penalties": "ON"
      },
      {
        "name": "FINAL",
        "numberOfLegs": 1,
        "extraTime": "ON",
        "penalties": "ON"
      }
    ],
    "awayGoals": "AFTER_90_MINUTES"
  },
  {
    "name": "UEFA CUP",
    "numberOfTeams": 32,
    "time": "NIGHT",
    "weather": "BY_SEASON",
    "seasonStart": "SEPTEMBER",
    "seasonEnd": "MAY",
    "substitutions": 3,
    "benchSize": 5,
    "files": {
      "folder": "1996-97/CLUB_TEAMS/EUROPE",
      "teams": [
        "1996-97/CLUB_TEAMS/EUROPE/SCOTLAND/team.aberdeen.json",
        "1996-97/CLUB_TEAMS/EUROPE/BELGIUM/team.anderlecht.json",
        "1996-97/CLUB_TEAMS/EUROPE/TURKEY/team.besiktas.json",
        "1996-97/CLUB_TEAMS/EUROPE/PORTUGAL/team.boavista.json",
        "1996-97/CLUB_TEAMS/EUROPE/DENMARK/team.brondby.json",
        "1996-97/CLUB_TEAMS/EUROPE/BELGIUM/team.club_bruges.json",
        "1996-97/CLUB_TEAMS/EUROPE/SPAIN/team.espanyol.json",
        "1996-97/CLUB_TEAMS/EUROPE/HUNGARY/team.ferencvaros.json",
        "1996-97/CLUB_TEAMS/EUROPE/NETHERLANDS/team.feyenoord.json",
        "1996-97/CLUB_TEAMS/EUROPE/AUSTRIA/team.grazer_ak.json",
        "1996-97/CLUB_TEAMS/EUROPE/GERMANY/team.hamburg.json",
        "1996-97/CLUB_TEAMS/EUROPE/SWEDEN/team.helsingborg.json",
        "1996-97/CLUB_TEAMS/EUROPE/ITALY/team.inter_milan.json",
        "1996-97/CLUB_TEAMS/EUROPE/GERMANY/team.karlsruhe.json",
        "1996-97/CLUB_TEAMS/EUROPE/ITALY/team.lazio.json",
        "1996-97/CLUB_TEAMS/EUROPE/POLAND/team.legia_warsaw.json",
        "1996-97/CLUB_TEAMS/EUROPE/FRANCE/team.metz.json",
        "1996-97/CLUB_TEAMS/EUROPE/FRANCE/team.monaco.json",
        "1996-97/CLUB_TEAMS/EUROPE/GERMANY/team.monchengladbach.json",
        "1996-97/CLUB_TEAMS/EUROPE/ROMANIA/team.national.json",
        "1996-97/CLUB_TEAMS/EUROPE/SWITZERLAND/team.neuchatel_xamax.json",
        "1996-97/CLUB_TEAMS/EUROPE/ENGLAND/team.newcastle_united.json",
        "1996-97/CLUB_TEAMS/EUROPE/ITALY/team.roma.json",
        "1996-97/CLUB_TEAMS/EUROPE/GERMANY/team.schalke.json",
        "1996-97/CLUB_TEAMS/EUROPE/CZECH REPUBLIC/team.slavia_prague.json",
        "1996-97/CLUB_TEAMS/EUROPE/RUSSIA/team.spartak_moscow.json",
        "1996-97/CLUB_TEAMS/EUROPE/PORTUGAL/team.sporting_lisbon.json",
        "1996-97/CLUB_TEAMS/EUROPE/SPAIN/team.tenerife.json",
        "1996-97/CLUB_TEAMS/EUROPE/RUSSIA/team.torpedo_moscow.json",
        "1996-97/CLUB_TEAMS/EUROPE/TURKEY/team.trabzonspor.json",
        "1996-97/CLUB_TEAMS/EUROPE/SPAIN/team.valencia.json",
        "1996-97/CLUB_TEAMS/EUROPE/PORTUGAL/team.vit_guimaraes.json"
      ]
    },
    "rounds": [
      {
        "name": "FIRST ROUND",
        "numberOfLegs": 2,
        "extraTime": "ON",
        "penalties": "ON",
        "legs": [
          [
            {
              "teams": [
                28,
                3
              ]
            },
            {
              "teams": [
                15,
                2
              ]
            },
            {
              "teams": [
                24,
                30
              ]
            },
            {
              "teams": [
                31,
                1
              ]
            },
            {
              "teams": [
                13,
                22
              ]
            },
            {
              "teams": [
                11,
                20
              ]
            },
            {
              "teams": [
                6,
                8
              ]
            },
            {
              "teams": [
                5,
                19
              ]
            },
            {
              "teams": [
                12,
                9
              ]
            },
            {
              "teams": [
                0,
                4
              ]
            },
            {
              "teams": [
                7,
                21
              ]
            },
            {
              "teams": [
                23,
                29
              ]
            },
            {
              "teams": [
                14,
                27
              ]
            },
            {
              "teams": [
                10,
                25
              ]
            },
            {
              "teams": [
                16,
                26
              ]
            },
            {
              "teams": [
                17,
                18
              ]
            }
          ]
        ]
      },
      {
        "name": "SECOND ROUND",
        "numberOfLegs": 2,
        "extraTime": "ON",
        "penalties": "ON"
      },
      {
        "name": "QUARTER-FINAL",
        "numberOfLegs": 2,
        "extraTime": "ON",
        "penalties": "ON"
      },
      {
        "name": "SEMI-FINAL",
        "numberOfLegs": 2,
        "extraTime": "ON",
        "penalties": "ON"
      },
      {
        "name": "FINAL",
        "numberOfLegs": 1,
        "extraTime": "ON",
        "penalties": "ON"
      }
    ],
    "awayGoals": "AFTER_90_MINUTES"
  }
]